[{"model": "catalog.category", "pk": 1, "fields": {"name": "Прицел оптический", "description": "Оптические прицелы для оружия, оснащенного picatinny rail", "slug": "optic_sight"}}, {"model": "catalog.category", "pk": 2, "fields": {"name": "Прицелы тепловизионные", "description": "Прицелы тепловизионные (на неохлаждаемой микроболометрической матрице)", "slug": "thermal_sight"}}, {"model": "catalog.category", "pk": 3, "fields": {"name": "Прицелы коллиматорные", "description": "Прицелы коллиматорные (на лазерном диоде или голограмме)", "slug": "collimator_sights"}}, {"model": "catalog.category", "pk": 4, "fields": {"name": "Прицелы ночные", "description": "Прицелы на ЭОП 2+ и 3 поколения", "slug": "night_sight"}}, {"model": "catalog.category", "pk": 5, "fields": {"name": "Дальномеры лазерные", "description": "Прибор для измерения расстояний с применением лазерного луча. Широко применяется в инженерной геодезии, при топографической съёмке, в военном деле, в навигации, в астрономических исследованиях, в фотографии.", "slug": "rangefinder"}}, {"model": "catalog.category", "pk": 6, "fields": {"name": "Оптико-электронные комплексы", "description": "Система предназначена для наблюдения за наземной территорией и воздушным пространством на низких высотах. Комплекс обеспечивает обнаружение, сопровождение и распознавание целей типа «человек, транспортное средство, БПЛА» в дневное и ночное время.", "slug": "optical_komplex"}}, {"model": "catalog.product", "pk": 1, "fields": {"name": "TV/D 40 TUL", "description": "Разработан с учетом опыта эксплуатации прицелов серии TV/S и имеют уменьшенные вес и габариты в сочетании с обновленным программным обеспечением и расширенным функционалом в части использования прицелов на различных типах стрелкового оружия.", "price": "7000.00", "vegan_or_not": false, "slug": "TVD_40_TUL", "category": 2, "modifier_groups": []}}, {"model": "catalog.product", "pk": 2, "fields": {"name": "RS-H Прицел коллиматорный", "description": "- Отсутствует параллакс\r\n- Применение голографической технологии для проецирования прицельной марки\r\n- Герметичный азотонаполненный корпус\r\n- Возможность комфртного совместного использования с приборами ночного видения\r\n- Режим работы с очками и монокуляра", "price": "400.00", "vegan_or_not": false, "slug": "RS_H", "category": 3, "modifier_groups": []}}, {"model": "catalog.product", "pk": 3, "fields": {"name": "RS-C Прицел коллиматорный", "description": "- Отсутствует параллакс\r\n- Малые габаритные размеры и вес\r\n- Возможность комфртного совместного использования с приборами ночного видения\r\n- Продолжительное время работы батареи\r\n- Режим работы с очками и монокулярами ночного видения", "price": "300.00", "vegan_or_not": false, "slug": "RS_C", "category": 3, "modifier_groups": [2]}}, {"model": "catalog.product", "pk": 4, "fields": {"name": "GS 3-12x50 Прицел оптический", "description": "- Переменное увеличение в диапазоне от 3 до 12 крат\r\n- Механизм отстройки от параллакса\r\n- Шкала для ориентировочной оценки дальности\r\n- Прицельная сетка MIL DOT имеет подсветку, регулируемую по яркости", "price": "600.00", "vegan_or_not": false, "slug": "GS_3_12x50", "category": 1, "modifier_groups": []}}, {"model": "catalog.product", "pk": 5, "fields": {"name": "Прицел оптический GS 4-16X56", "description": "– Высокая устойчивость к ударным нагрузкам.\r\n– Внутренняя отстройка параллакса при стрельбе на разные дистанции, шкала для ориентировочной оценки дальности.\r\n– Прицелы имеют механизмы ввода вертикальных и боковых поправок с шагом 1 см на дистанции 100 м.", "price": "550.00", "vegan_or_not": false, "slug": "GS_4_16X56", "category": 1, "modifier_groups": []}}, {"model": "catalog.product", "pk": 6, "fields": {"name": "Прицел тепловизионный TV/S 100M", "description": "- Великолепное решение для различных видов портативных средств противовоздушной обороны (типа ПЗРК «Джигит»);\r\n- Обеспечивает круглосуточное наблюдение и прицеливание;\r\n- Полностью пассивное устройство;\r\n- Комплектуется выносным дисплеем", "price": "8500.00", "vegan_or_not": false, "slug": "TVS_100M", "category": 2, "modifier_groups": [3]}}, {"model": "catalog.product", "pk": 7, "fields": {"name": "Прицел ночной NV/S-18S", "description": "- Малые габаритные размеры и вес\r\n- Герметичный азотонаполненный корпус\r\n- Высокая устойчивость к ударным нагрузкам\r\n- Возможность комфортного использования в комплексе с инфракрасными целеуказателями.\r\n- Ручная регулировка яркости ЭОП", "price": "3000.00", "vegan_or_not": false, "slug": "NVS_18S", "category": 4, "modifier_groups": [1]}}, {"model": "catalog.product", "pk": 8, "fields": {"name": "Прицел дневно-ночной DNS-1", "description": "- Герметичный азотонаполненный корпус\r\n- Наличие защиты от засветки ЭОП\r\n- Высокая устойчивость к ударным нагрузкам\r\n- Опционально: ЭОП с зеленым либо черно-белым свечением\r\n- Возможность комфортного использования в комплексе с инфракрасным целеуказателя", "price": "4500.00", "vegan_or_not": false, "slug": "DNS_1", "category": 4, "modifier_groups": []}}, {"model": "catalog.product", "pk": 9, "fields": {"name": "LRF-c Дальномер лазерный", "description": "- Измерение дистанции до 2 целей одновременно\r\n- Высокий уровень устойчивости к внешним воздействиям\r\n- Дистанционное управление\r\n- Опционально: встроенный баллистический вычислитель\r\n- Различные встроенные сенсоры (GPS, магнитный компас, угломер, датчик т", "price": "2000.00", "vegan_or_not": false, "slug": "LRF_C", "category": 5, "modifier_groups": []}}, {"model": "catalog.product", "pk": 10, "fields": {"name": "ДЛ-5 Дальномер лазерный", "description": "- Измерение дистанции до 2 целей одновременно\r\n- Высокий уровень устойчивости к внешним воздействиям\r\n- Опционально: встроенный баллистический вычислитель\r\n- Различные встроенные сенсоры (GPS, магнитный компас, угломер, датчик температуры и т.д.)", "price": "2200.00", "vegan_or_not": false, "slug": "DL_5", "category": 5, "modifier_groups": []}}, {"model": "catalog.product", "pk": 11, "fields": {"name": "АРГОС-А Дальномер лазерный", "description": "- Измерение дистанции до 2 целей одновременно\r\n- Высокий уровень устойчивости к внешним воздействиям\r\n- Дистанционное управление", "price": "5500.00", "vegan_or_not": false, "slug": "ARGOS", "category": 5, "modifier_groups": []}}, {"model": "catalog.product", "pk": 12, "fields": {"name": "DLS 2000 Модуль дальномерный ла", "description": "- Быстрое и точное измерение дистанции\r\n- Точные баллистические поправки прицела\r\n- Быстросъемное крепление стандарта MIL STD 1913\r\n- Дистанционное управление", "price": "800.00", "vegan_or_not": false, "slug": "DLS_2000", "category": 5, "modifier_groups": []}}, {"model": "catalog.product", "pk": 13, "fields": {"name": "Прицел тепловизионный TV/D 50TUL", "description": "Разработан с учетом опыта эксплуатации прицелов серии TV/S и имеют уменьшенные вес и габариты в сочетании с обновленным программным обеспечением и расширенным функционалом в части использования прицелов на различных типах стрелкового оружия.", "price": "9500.00", "vegan_or_not": false, "slug": "TVD_50_TUL", "category": 2, "modifier_groups": []}}, {"model": "catalog.product", "pk": 14, "fields": {"name": "Прицел ночной DiaR NS4", "description": "Предназначен для ведения прицельной стрельбы из охотничьего оружия в условиях естественной освещенности на местности от луны и звезд, а также при полной темноте с использованием дополнительно установленного инфракрасного осветителя.", "price": "5000.00", "vegan_or_not": false, "slug": "DiaR_NS4", "category": 4, "modifier_groups": []}}, {"model": "catalog.product", "pk": 15, "fields": {"name": "Прицел коллиматорный RS-M", "description": "ПРИЦЕЛ КОЛЛИМАТОРНЫЙ RS-M - обеспечивает в 2-3 раза более быструю стрельбу на коротких и средних дистанциях. Свободен от параллакса. Алюминиевый герметичный корпус закрытого типа, заполнен азотом.\r\n- Отсутствует параллакс.", "price": "650.00", "vegan_or_not": false, "slug": "RS_M", "category": 3, "modifier_groups": []}}, {"model": "catalog.product", "pk": 16, "fields": {"name": "Прицел оптический GS 5-25X56", "description": "– Высокая устойчивость к ударным нагрузкам.\r\n– Внутренняя отстройка параллакса при стрельбе на разные дистанции, шкала для ориентировочной оценки дальности.\r\n– Прицелы имеют механизмы ввода вертикальных и боковых поправок с шагом 1 см на дистанции 100 м.", "price": "1340.00", "vegan_or_not": false, "slug": "GS_5_25X56", "category": 1, "modifier_groups": []}}, {"model": "catalog.product", "pk": 17, "fields": {"name": "ZORKI", "description": "Система может использоваться в целях охраны границ  и обеспечения безопасности важных инфраструктурных объектов.\r\nВозможна установка системы на транспортное средство.", "price": "9999.00", "vegan_or_not": false, "slug": "ZORKI", "category": 6, "modifier_groups": []}}, {"model": "catalog.productimage", "pk": 1, "fields": {"product": 6, "image": "products/8b2606b1-3f24-43d4-9a77-290e1e4154e6.jpg"}}, {"model": "catalog.productimage", "pk": 2, "fields": {"product": 9, "image": "products/17ec31c9-247f-46fc-9a00-98c0752ce0e8.jpg"}}, {"model": "catalog.productimage", "pk": 3, "fields": {"product": 10, "image": "products/bbec1008-e8d6-4f71-a830-b768ea84edb6.jpg"}}, {"model": "catalog.productimage", "pk": 4, "fields": {"product": 11, "image": "products/8de39935-a6fb-4386-a098-ab241ba1738b.jpg"}}, {"model": "catalog.productimage", "pk": 5, "fields": {"product": 12, "image": "products/797b426e-94d7-45f6-815c-f9658aee71d8.jpg"}}, {"model": "catalog.productimage", "pk": 6, "fields": {"product": 12, "image": "products/0d05e1bc-3e36-4987-bb11-b8884bb3cbba.jpg"}}, {"model": "catalog.productimage", "pk": 7, "fields": {"product": 7, "image": "products/4c221e8a-d8d8-4d9d-aa60-8996b2d2805c.jpg"}}, {"model": "catalog.productimage", "pk": 8, "fields": {"product": 8, "image": "products/2144f160-15cd-47a3-8336-4ffd4b34ec1e.jpg"}}, {"model": "catalog.productimage", "pk": 9, "fields": {"product": 1, "image": "products/c6974d11-8667-4eea-b79c-eb99a5fe3fe2.jpg"}}, {"model": "catalog.productimage", "pk": 10, "fields": {"product": 13, "image": "products/8c42f6e1-4baf-4e37-99b2-4db9ae977875.jpg"}}, {"model": "catalog.productimage", "pk": 11, "fields": {"product": 14, "image": "products/6170e280-ad4d-4c3e-90b4-832460f0c8a3.jpg"}}, {"model": "catalog.productimage", "pk": 12, "fields": {"product": 3, "image": "products/d87ed740-1480-4879-8e18-937c6b3d1133.jpg"}}, {"model": "catalog.productimage", "pk": 13, "fields": {"product": 2, "image": "products/2584365a-78e2-49e6-a55c-f64b5753a40d.jpg"}}, {"model": "catalog.productimage", "pk": 14, "fields": {"product": 15, "image": "products/bf38ba59-c468-4ed3-a471-5bc009728d01.jpg"}}, {"model": "catalog.productimage", "pk": 15, "fields": {"product": 4, "image": "products/c9c83260-507f-4642-9a3d-5e3d4baba3dc.jpg"}}, {"model": "catalog.productimage", "pk": 16, "fields": {"product": 5, "image": "products/69a3bc8e-2800-489d-8807-233124d03cbe.jpg"}}, {"model": "catalog.productimage", "pk": 17, "fields": {"product": 16, "image": "products/33453301-4be9-4540-968d-fdedd13feed7.jpg"}}, {"model": "catalog.productimage", "pk": 18, "fields": {"product": 17, "image": "products/05441dd6-bb85-40fe-8821-e74576d36432.jpg"}}, {"model": "catalog.modifiergroup", "pk": 1, "fields": {"name": "Объективы", "discription": "Объективы с различными фокусными расстояниями", "slug": "Lenses"}}, {"model": "catalog.modifiergroup", "pk": 2, "fields": {"name": "Модули тепловизионные", "discription": "Модули с различным разрешением", "slug": "thermal_moduls"}}, {"model": "catalog.modifiergroup", "pk": 3, "fields": {"name": "Модуль тепловизионный MX384", "discription": "Имеет малые габариты и вес.", "slug": "MX_384"}}, {"model": "catalog.modifier", "pk": 1, "fields": {"name": "OTL 50", "description": "объектив с фокусным расстоянием 50 мм", "price": "300.00", "vegan_or_not": false, "slug": "50mm", "modifier_group": 1}}, {"model": "catalog.modifier", "pk": 2, "fields": {"name": "OTL 75", "description": "Объектив с фокусным расстоянием 75 мм", "price": "350.00", "vegan_or_not": false, "slug": "75mm", "modifier_group": 1}}, {"model": "catalog.modifier", "pk": 3, "fields": {"name": "iRay384", "description": "Модуль тепловизионный с разрешением 384х288 мм", "price": "1200.00", "vegan_or_not": false, "slug": "384", "modifier_group": 2}}, {"model": "catalog.modifier", "pk": 4, "fields": {"name": "iRay640", "description": "Модуль тепловизионный с разрешением 640х512", "price": "1800.00", "vegan_or_not": false, "slug": "640", "modifier_group": 2}}, {"model": "catalog.productspecification", "pk": 1, "fields": {"name": "Габаритные размеры, мм, не более"}}, {"model": "catalog.productspecification", "pk": 2, "fields": {"name": "Масса изделия (с батареей), г, н"}}, {"model": "catalog.productspecification", "pk": 3, "fields": {"name": "Длина волны излучения"}}, {"model": "catalog.productspecification", "pk": 4, "fields": {"name": "Класс лазерной опасности"}}, {"model": "catalog.productspecification", "pk": 5, "fields": {"name": "Диапазон измерения расстояний"}}, {"model": "catalog.productspecification", "pk": 6, "fields": {"name": "Диапазон измерения расстояний"}}, {"model": "catalog.productspecification", "pk": 7, "fields": {"name": "Абсолютная погрешность измерения"}}, {"model": "catalog.productspecification", "pk": 8, "fields": {"name": "Видимое увеличение"}}, {"model": "catalog.productspecification", "pk": 9, "fields": {"name": "Угловое поле зрения"}}, {"model": "catalog.productspecification", "pk": 10, "fields": {"name": "Диапазон диоптрийной поправки"}}, {"model": "catalog.productspecification", "pk": 11, "fields": {"name": "Расход выверки"}}, {"model": "catalog.productspecification", "pk": 12, "fields": {"name": "Дальность опознавания фигуры"}}, {"model": "catalog.productspecification", "pk": 13, "fields": {"name": "Дальность опознавания фигуры"}}, {"model": "catalog.productspecification", "pk": 14, "fields": {"name": "Шаг выверки"}}, {"model": "catalog.productspecification", "pk": 15, "fields": {"name": "Число градаций яркости свечения"}}, {"model": "catalog.productspecification", "pk": 16, "fields": {"name": "Источник питания"}}, {"model": "catalog.productspecification", "pk": 17, "fields": {"name": "Поколение ЭОП"}}, {"model": "catalog.productspecification", "pk": 18, "fields": {"name": "Диаметр входного зрачка"}}, {"model": "catalog.productspecification", "pk": 19, "fields": {"name": "Диаметр выходного зрачка"}}, {"model": "catalog.productspecification", "pk": 20, "fields": {"name": "Фокусное расстояние объектива"}}, {"model": "catalog.productspecification", "pk": 21, "fields": {"name": "Удаление выходного зрачка"}}, {"model": "catalog.productspecification", "pk": 22, "fields": {"name": "Диапазон выверки"}}, {"model": "catalog.productspecification", "pk": 23, "fields": {"name": "Диапазон рабочих температур"}}, {"model": "catalog.productspecification", "pk": 24, "fields": {"name": "Тепловизионная матрица"}}, {"model": "catalog.productspecification", "pk": 25, "fields": {"name": "Спектральный диапазон"}}, {"model": "catalog.productspecification", "pk": 26, "fields": {"name": "Частота изображения"}}, {"model": "catalog.productspecification", "pk": 27, "fields": {"name": "NETD"}}, {"model": "catalog.productspecification", "pk": 28, "fields": {"name": "MRTD"}}, {"model": "catalog.productspecification", "pk": 29, "fields": {"name": "Разрешение микродисплея"}}, {"model": "catalog.productspecification", "pk": 30, "fields": {"name": "Время работы"}}, {"model": "catalog.productspecification", "pk": 31, "fields": {"name": "Угловой размер прицельной марки"}}, {"model": "catalog.productspecification", "pk": 32, "fields": {"name": "Число градация яркости марки"}}, {"model": "catalog.productspecification", "pk": 33, "fields": {"name": "Размер окна"}}, {"model": "catalog.productspecification", "pk": 34, "fields": {"name": "Диапазон видимого увеличения"}}, {"model": "catalog.productspecification", "pk": 35, "fields": {"name": "Световой диаметр объектива"}}, {"model": "catalog.productspecification", "pk": 36, "fields": {"name": "Цена деления шкал ввода поправок"}}, {"model": "catalog.productspecification", "pk": 37, "fields": {"name": "Шаг сетки MIL DOT"}}, {"model": "catalog.productspecification", "pk": 38, "fields": {"name": "Частота"}}, {"model": "catalog.productspecification", "pk": 39, "fields": {"name": "Максимальная дальность"}}, {"model": "catalog.productspecification", "pk": 40, "fields": {"name": "Сканирование пространства"}}, {"model": "catalog.productspecification", "pk": 41, "fields": {"name": "Измеряемые параметры"}}, {"model": "catalog.productspecification", "pk": 42, "fields": {"name": "Частота обновления информации"}}, {"model": "catalog.productspecification", "pk": 43, "fields": {"name": "Охлаждаемый сенсор"}}, {"model": "catalog.productspecification", "pk": 44, "fields": {"name": "Неохлаждаемый сенсор"}}, {"model": "catalog.productspecification", "pk": 45, "fields": {"name": "Телевизионная камера"}}, {"model": "catalog.productspecification", "pk": 46, "fields": {"name": "Оптическое увеличение / цифровое"}}, {"model": "catalog.productspecification", "pk": 47, "fields": {"name": "Лазерный дальномер"}}, {"model": "catalog.productspecification", "pk": 48, "fields": {"name": "Обнаружение снайперской угрозы"}}, {"model": "catalog.productspecification", "pk": 49, "fields": {"name": "Опорно-поворотная платформа"}}, {"model": "catalog.productspecificationvalue", "pk": 1, "fields": {"specification": 1, "value": "230×100×90", "product": 6}}, {"model": "catalog.productspecificationvalue", "pk": 2, "fields": {"specification": 2, "value": "1250", "product": 6}}, {"model": "catalog.productspecificationvalue", "pk": 3, "fields": {"specification": 3, "value": "905 нм", "product": 9}}, {"model": "catalog.productspecificationvalue", "pk": 4, "fields": {"specification": 4, "value": "3В", "product": 9}}, {"model": "catalog.productspecificationvalue", "pk": 5, "fields": {"specification": 6, "value": "30 - 2000 м", "product": 9}}, {"model": "catalog.productspecificationvalue", "pk": 6, "fields": {"specification": 7, "value": "2 м", "product": 9}}, {"model": "catalog.productspecificationvalue", "pk": 7, "fields": {"specification": 2, "value": "600", "product": 9}}, {"model": "catalog.productspecificationvalue", "pk": 8, "fields": {"specification": 1, "value": "128 х 81 х 58", "product": 9}}, {"model": "catalog.productspecificationvalue", "pk": 9, "fields": {"specification": 5, "value": "20 - 5000", "product": 10}}, {"model": "catalog.productspecificationvalue", "pk": 10, "fields": {"specification": 3, "value": "905 нм", "product": 10}}, {"model": "catalog.productspecificationvalue", "pk": 11, "fields": {"specification": 7, "value": "2 м", "product": 10}}, {"model": "catalog.productspecificationvalue", "pk": 12, "fields": {"specification": 4, "value": "3В", "product": 10}}, {"model": "catalog.productspecificationvalue", "pk": 13, "fields": {"specification": 2, "value": "1200", "product": 10}}, {"model": "catalog.productspecificationvalue", "pk": 14, "fields": {"specification": 1, "value": "185 х 110 х 70", "product": 10}}, {"model": "catalog.productspecificationvalue", "pk": 15, "fields": {"specification": 3, "value": "1064 нм", "product": 11}}, {"model": "catalog.productspecificationvalue", "pk": 16, "fields": {"specification": 4, "value": "1", "product": 11}}, {"model": "catalog.productspecificationvalue", "pk": 17, "fields": {"specification": 5, "value": "65 - 20000 м", "product": 11}}, {"model": "catalog.productspecificationvalue", "pk": 18, "fields": {"specification": 7, "value": "2 м", "product": 11}}, {"model": "catalog.productspecificationvalue", "pk": 19, "fields": {"specification": 2, "value": "1800", "product": 11}}, {"model": "catalog.productspecificationvalue", "pk": 20, "fields": {"specification": 1, "value": "192 х 150 х 84", "product": 11}}, {"model": "catalog.productspecificationvalue", "pk": 21, "fields": {"specification": 3, "value": "905 нм", "product": 12}}, {"model": "catalog.productspecificationvalue", "pk": 22, "fields": {"specification": 4, "value": "3B", "product": 12}}, {"model": "catalog.productspecificationvalue", "pk": 23, "fields": {"specification": 7, "value": "2 м", "product": 12}}, {"model": "catalog.productspecificationvalue", "pk": 24, "fields": {"specification": 5, "value": "20 - 2000 м", "product": 12}}, {"model": "catalog.productspecificationvalue", "pk": 25, "fields": {"specification": 2, "value": "600", "product": 12}}, {"model": "catalog.productspecificationvalue", "pk": 26, "fields": {"specification": 1, "value": "114 х 77 х 60", "product": 12}}, {"model": "catalog.productspecificationvalue", "pk": 27, "fields": {"specification": 8, "value": "4±0,5 крат", "product": 7}}, {"model": "catalog.productspecificationvalue", "pk": 28, "fields": {"specification": 9, "value": "12°", "product": 7}}, {"model": "catalog.productspecificationvalue", "pk": 29, "fields": {"specification": 10, "value": "от минус 4 до плюс 4 дптр", "product": 7}}, {"model": "catalog.productspecificationvalue", "pk": 30, "fields": {"specification": 11, "value": "±36/", "product": 7}}, {"model": "catalog.productspecificationvalue", "pk": 31, "fields": {"specification": 13, "value": "300 м", "product": 7}}, {"model": "catalog.productspecificationvalue", "pk": 32, "fields": {"specification": 14, "value": "25// (12 мм на 100 м)", "product": 7}}, {"model": "catalog.productspecificationvalue", "pk": 33, "fields": {"specification": 15, "value": "4", "product": 7}}, {"model": "catalog.productspecificationvalue", "pk": 34, "fields": {"specification": 16, "value": "Два элемента питания щелочные типоразмера АА с суммарным напряжением 3 В", "product": 7}}, {"model": "catalog.productspecificationvalue", "pk": 35, "fields": {"specification": 1, "value": "232х90х175 мм", "product": 7}}, {"model": "catalog.productspecificationvalue", "pk": 36, "fields": {"specification": 2, "value": "1,0 кг", "product": 7}}, {"model": "catalog.productspecificationvalue", "pk": 37, "fields": {"specification": 17, "value": "3 поколения с автогейтингом", "product": 7}}, {"model": "catalog.productspecificationvalue", "pk": 38, "fields": {"specification": 8, "value": "2.9 крат", "product": 8}}, {"model": "catalog.productspecificationvalue", "pk": 39, "fields": {"specification": 9, "value": "11°", "product": 8}}, {"model": "catalog.productspecificationvalue", "pk": 40, "fields": {"specification": 18, "value": "15 мм", "product": 8}}, {"model": "catalog.productspecificationvalue", "pk": 41, "fields": {"specification": 19, "value": "5 мм", "product": 8}}, {"model": "catalog.productspecificationvalue", "pk": 42, "fields": {"specification": 17, "value": "поколения 2+ или 3", "product": 8}}, {"model": "catalog.productspecificationvalue", "pk": 43, "fields": {"specification": 20, "value": "80 мм", "product": 8}}, {"model": "catalog.productspecificationvalue", "pk": 44, "fields": {"specification": 21, "value": "30 мм", "product": 8}}, {"model": "catalog.productspecificationvalue", "pk": 45, "fields": {"specification": 10, "value": "±4 дптр", "product": 8}}, {"model": "catalog.productspecificationvalue", "pk": 46, "fields": {"specification": 22, "value": "не менее ±1º", "product": 8}}, {"model": "catalog.productspecificationvalue", "pk": 47, "fields": {"specification": 14, "value": "1` (3 см на дистанцию 100 м)", "product": 8}}, {"model": "catalog.productspecificationvalue", "pk": 48, "fields": {"specification": 16, "value": "два щелочных элемента или аккумулятора типа АА, номинальное напряжение 1,5 В (1,2 В)", "product": 8}}, {"model": "catalog.productspecificationvalue", "pk": 49, "fields": {"specification": 1, "value": "262х81х198 мм", "product": 8}}, {"model": "catalog.productspecificationvalue", "pk": 50, "fields": {"specification": 2, "value": "1,39 кг", "product": 8}}, {"model": "catalog.productspecificationvalue", "pk": 51, "fields": {"specification": 23, "value": "от минус 40 до плюс 50 ºС", "product": 8}}, {"model": "catalog.productspecificationvalue", "pk": 52, "fields": {"specification": 24, "value": "неохлаждаемая, 640х480, 17 мкм", "product": 6}}, {"model": "catalog.productspecificationvalue", "pk": 53, "fields": {"specification": 25, "value": "8...14 мкм", "product": 6}}, {"model": "catalog.productspecificationvalue", "pk": 54, "fields": {"specification": 20, "value": "100 мм", "product": 6}}, {"model": "catalog.productspecificationvalue", "pk": 55, "fields": {"specification": 8, "value": "4 крат", "product": 6}}, {"model": "catalog.productspecificationvalue", "pk": 56, "fields": {"specification": 26, "value": "25 Гц", "product": 6}}, {"model": "catalog.productspecificationvalue", "pk": 57, "fields": {"specification": 9, "value": "6,2°x4,7°", "product": 6}}, {"model": "catalog.productspecificationvalue", "pk": 58, "fields": {"specification": 27, "value": "40 мк, не более", "product": 6}}, {"model": "catalog.productspecificationvalue", "pk": 59, "fields": {"specification": 28, "value": "60 мк, не более", "product": 6}}, {"model": "catalog.productspecificationvalue", "pk": 60, "fields": {"specification": 29, "value": "800х600 пикс.", "product": 6}}, {"model": "catalog.productspecificationvalue", "pk": 61, "fields": {"specification": 21, "value": "25 мм", "product": 6}}, {"model": "catalog.productspecificationvalue", "pk": 62, "fields": {"specification": 16, "value": "2 аккумулятора типоразмера 18650", "product": 6}}, {"model": "catalog.productspecificationvalue", "pk": 63, "fields": {"specification": 30, "value": "8 часов", "product": 6}}, {"model": "catalog.productspecificationvalue", "pk": 64, "fields": {"specification": 2, "value": "3,9 кг", "product": 6}}, {"model": "catalog.productspecificationvalue", "pk": 65, "fields": {"specification": 20, "value": "40 мм", "product": 1}}, {"model": "catalog.productspecificationvalue", "pk": 66, "fields": {"specification": 8, "value": "2.6 крат", "product": 1}}, {"model": "catalog.productspecificationvalue", "pk": 67, "fields": {"specification": 9, "value": "9,27˚×7,0 град.", "product": 1}}, {"model": "catalog.productspecificationvalue", "pk": 68, "fields": {"specification": 14, "value": "2,1 см на 100 м", "product": 1}}, {"model": "catalog.productspecificationvalue", "pk": 69, "fields": {"specification": 13, "value": "1400 м", "product": 1}}, {"model": "catalog.productspecificationvalue", "pk": 70, "fields": {"specification": 24, "value": "384×288 пикс. 17 мкм", "product": 1}}, {"model": "catalog.productspecificationvalue", "pk": 71, "fields": {"specification": 25, "value": "8 - 14 мкм", "product": 1}}, {"model": "catalog.productspecificationvalue", "pk": 72, "fields": {"specification": 26, "value": "25 Гц", "product": 1}}, {"model": "catalog.productspecificationvalue", "pk": 73, "fields": {"specification": 28, "value": "80 мк, не более", "product": 1}}, {"model": "catalog.productspecificationvalue", "pk": 74, "fields": {"specification": 29, "value": "800 х 600", "product": 1}}, {"model": "catalog.productspecificationvalue", "pk": 75, "fields": {"specification": 10, "value": "-6 – +2 диоптрии", "product": 1}}, {"model": "catalog.productspecificationvalue", "pk": 76, "fields": {"specification": 16, "value": "4× 16340", "product": 1}}, {"model": "catalog.productspecificationvalue", "pk": 77, "fields": {"specification": 23, "value": "-32˚С… +55˚С", "product": 1}}, {"model": "catalog.productspecificationvalue", "pk": 78, "fields": {"specification": 1, "value": "215 × 85 × 80 мм", "product": 1}}, {"model": "catalog.productspecificationvalue", "pk": 79, "fields": {"specification": 2, "value": "Не более 1.05 кг", "product": 1}}, {"model": "catalog.productspecificationvalue", "pk": 80, "fields": {"specification": 20, "value": "50 мм", "product": 13}}, {"model": "catalog.productspecificationvalue", "pk": 81, "fields": {"specification": 8, "value": "3,27 крат", "product": 13}}, {"model": "catalog.productspecificationvalue", "pk": 82, "fields": {"specification": 9, "value": "7,44˚×5,6 град.", "product": 13}}, {"model": "catalog.productspecificationvalue", "pk": 83, "fields": {"specification": 14, "value": "1,7 см на 100 м", "product": 13}}, {"model": "catalog.productspecificationvalue", "pk": 84, "fields": {"specification": 12, "value": "2000 м", "product": 13}}, {"model": "catalog.productspecificationvalue", "pk": 85, "fields": {"specification": 24, "value": "384×288 пикс. 17 мкм", "product": 13}}, {"model": "catalog.productspecificationvalue", "pk": 86, "fields": {"specification": 25, "value": "8 - 14 мкм", "product": 13}}, {"model": "catalog.productspecificationvalue", "pk": 87, "fields": {"specification": 26, "value": "25 Гц", "product": 13}}, {"model": "catalog.productspecificationvalue", "pk": 88, "fields": {"specification": 28, "value": "80 мк, не более", "product": 13}}, {"model": "catalog.productspecificationvalue", "pk": 89, "fields": {"specification": 29, "value": "800 х 600", "product": 13}}, {"model": "catalog.productspecificationvalue", "pk": 90, "fields": {"specification": 10, "value": "-6 – +2 диоптрии", "product": 13}}, {"model": "catalog.productspecificationvalue", "pk": 91, "fields": {"specification": 16, "value": "4× 16340", "product": 13}}, {"model": "catalog.productspecificationvalue", "pk": 92, "fields": {"specification": 23, "value": "-32˚С… +55˚С", "product": 13}}, {"model": "catalog.productspecificationvalue", "pk": 93, "fields": {"specification": 1, "value": "215 × 85 × 80 мм", "product": 13}}, {"model": "catalog.productspecificationvalue", "pk": 94, "fields": {"specification": 2, "value": "Не более 1.15 кг", "product": 13}}, {"model": "catalog.productspecificationvalue", "pk": 95, "fields": {"specification": 8, "value": "4,5 крат", "product": 14}}, {"model": "catalog.productspecificationvalue", "pk": 96, "fields": {"specification": 9, "value": "9,5°", "product": 14}}, {"model": "catalog.productspecificationvalue", "pk": 97, "fields": {"specification": 19, "value": "10 мм", "product": 14}}, {"model": "catalog.productspecificationvalue", "pk": 98, "fields": {"specification": 21, "value": "45 мм", "product": 14}}, {"model": "catalog.productspecificationvalue", "pk": 99, "fields": {"specification": 17, "value": "Gen II+", "product": 14}}, {"model": "catalog.productspecificationvalue", "pk": 100, "fields": {"specification": 10, "value": "±5", "product": 14}}, {"model": "catalog.productspecificationvalue", "pk": 101, "fields": {"specification": 22, "value": "±40", "product": 14}}, {"model": "catalog.productspecificationvalue", "pk": 102, "fields": {"specification": 14, "value": "10", "product": 14}}, {"model": "catalog.productspecificationvalue", "pk": 103, "fields": {"specification": 1, "value": "325х84х94", "product": 14}}, {"model": "catalog.productspecificationvalue", "pk": 104, "fields": {"specification": 2, "value": "1,133", "product": 14}}, {"model": "catalog.productspecificationvalue", "pk": 105, "fields": {"specification": 8, "value": "1 крат", "product": 3}}, {"model": "catalog.productspecificationvalue", "pk": 106, "fields": {"specification": 31, "value": "2'", "product": 3}}, {"model": "catalog.productspecificationvalue", "pk": 107, "fields": {"specification": 32, "value": "6", "product": 3}}, {"model": "catalog.productspecificationvalue", "pk": 108, "fields": {"specification": 22, "value": "±1°", "product": 3}}, {"model": "catalog.productspecificationvalue", "pk": 109, "fields": {"specification": 14, "value": "1' (3 см на 100 м)", "product": 3}}, {"model": "catalog.productspecificationvalue", "pk": 110, "fields": {"specification": 16, "value": "элемент литиевый типа CR 2032", "product": 3}}, {"model": "catalog.productspecificationvalue", "pk": 111, "fields": {"specification": 1, "value": "59 х 52 х 48 мм", "product": 3}}, {"model": "catalog.productspecificationvalue", "pk": 112, "fields": {"specification": 2, "value": "0,13 кг", "product": 3}}, {"model": "catalog.productspecificationvalue", "pk": 113, "fields": {"specification": 8, "value": "1 крат", "product": 2}}, {"model": "catalog.productspecificationvalue", "pk": 114, "fields": {"specification": 31, "value": "Круг - 65 МОА, Точка - 1 МОА", "product": 2}}, {"model": "catalog.productspecificationvalue", "pk": 115, "fields": {"specification": 32, "value": "10 + 5", "product": 2}}, {"model": "catalog.productspecificationvalue", "pk": 116, "fields": {"specification": 33, "value": "32 x 24 мм", "product": 2}}, {"model": "catalog.productspecificationvalue", "pk": 117, "fields": {"specification": 22, "value": "60 МОА (1,67 м / 100 м)", "product": 2}}, {"model": "catalog.productspecificationvalue", "pk": 118, "fields": {"specification": 14, "value": "0,5 МОА (15 мм / 100 м)", "product": 2}}, {"model": "catalog.productspecificationvalue", "pk": 119, "fields": {"specification": 16, "value": "1 x CR123", "product": 2}}, {"model": "catalog.productspecificationvalue", "pk": 120, "fields": {"specification": 1, "value": "107 x 58 x 73 мм", "product": 2}}, {"model": "catalog.productspecificationvalue", "pk": 121, "fields": {"specification": 2, "value": "370 гр.", "product": 2}}, {"model": "catalog.productspecificationvalue", "pk": 122, "fields": {"specification": 8, "value": "1 крат", "product": 15}}, {"model": "catalog.productspecificationvalue", "pk": 123, "fields": {"specification": 32, "value": "11", "product": 15}}, {"model": "catalog.productspecificationvalue", "pk": 124, "fields": {"specification": 11, "value": "±1", "product": 15}}, {"model": "catalog.productspecificationvalue", "pk": 125, "fields": {"specification": 16, "value": "один литиевый элемент типа CR2032, номинальное напряжение 3 В В – коммерчески доступные", "product": 15}}, {"model": "catalog.productspecificationvalue", "pk": 126, "fields": {"specification": 30, "value": "100 часов", "product": 15}}, {"model": "catalog.productspecificationvalue", "pk": 127, "fields": {"specification": 1, "value": "72х76х55 мм", "product": 15}}, {"model": "catalog.productspecificationvalue", "pk": 128, "fields": {"specification": 34, "value": "3 - 12 крат", "product": 4}}, {"model": "catalog.productspecificationvalue", "pk": 129, "fields": {"specification": 35, "value": "50 мм", "product": 4}}, {"model": "catalog.productspecificationvalue", "pk": 130, "fields": {"specification": 21, "value": "86 мм", "product": 4}}, {"model": "catalog.productspecificationvalue", "pk": 131, "fields": {"specification": 10, "value": "-3...+2 дптр", "product": 4}}, {"model": "catalog.productspecificationvalue", "pk": 132, "fields": {"specification": 36, "value": "1 см / 100 м", "product": 4}}, {"model": "catalog.productspecificationvalue", "pk": 133, "fields": {"specification": 37, "value": "1 мрад (1 т.д.)", "product": 4}}, {"model": "catalog.productspecificationvalue", "pk": 134, "fields": {"specification": 16, "value": "1 х CR2032 (3В)", "product": 4}}, {"model": "catalog.productspecificationvalue", "pk": 135, "fields": {"specification": 34, "value": "4 - 16 крат", "product": 5}}, {"model": "catalog.productspecificationvalue", "pk": 136, "fields": {"specification": 35, "value": "56 мм", "product": 5}}, {"model": "catalog.productspecificationvalue", "pk": 137, "fields": {"specification": 21, "value": "86 мм", "product": 5}}, {"model": "catalog.productspecificationvalue", "pk": 138, "fields": {"specification": 10, "value": "-3...+2 дптр", "product": 5}}, {"model": "catalog.productspecificationvalue", "pk": 139, "fields": {"specification": 36, "value": "1 см / 100 м", "product": 5}}, {"model": "catalog.productspecificationvalue", "pk": 140, "fields": {"specification": 37, "value": "1 мрад (1 т.д.)", "product": 5}}, {"model": "catalog.productspecificationvalue", "pk": 141, "fields": {"specification": 16, "value": "1 х CR2032 (3В)", "product": 5}}, {"model": "catalog.productspecificationvalue", "pk": 142, "fields": {"specification": 34, "value": "5 - 25 крат", "product": 16}}, {"model": "catalog.productspecificationvalue", "pk": 143, "fields": {"specification": 35, "value": "56 мм", "product": 16}}, {"model": "catalog.productspecificationvalue", "pk": 144, "fields": {"specification": 21, "value": "86 мм", "product": 16}}, {"model": "catalog.productspecificationvalue", "pk": 145, "fields": {"specification": 10, "value": "-3...+2 дптр", "product": 16}}, {"model": "catalog.productspecificationvalue", "pk": 146, "fields": {"specification": 36, "value": "1 см / 100 м", "product": 16}}, {"model": "catalog.productspecificationvalue", "pk": 147, "fields": {"specification": 37, "value": "1 мрад (1 т.д.)", "product": 16}}, {"model": "catalog.productspecificationvalue", "pk": 148, "fields": {"specification": 16, "value": "1 х CR2032 (3В)", "product": 16}}, {"model": "catalog.productspecificationvalue", "pk": 149, "fields": {"specification": 38, "value": "X-диапазон", "product": 17}}, {"model": "catalog.productspecificationvalue", "pk": 150, "fields": {"specification": 39, "value": "25 км", "product": 17}}, {"model": "catalog.productspecificationvalue", "pk": 151, "fields": {"specification": 40, "value": "Круговое сканирование (360). Сканирование выделенного сектора", "product": 17}}, {"model": "catalog.productspecificationvalue", "pk": 152, "fields": {"specification": 41, "value": "Азимут, дистанция, скорость перемещения", "product": 17}}, {"model": "catalog.productspecificationvalue", "pk": 153, "fields": {"specification": 42, "value": "5, 10, 20 с", "product": 17}}, {"model": "catalog.productspecificationvalue", "pk": 154, "fields": {"specification": 43, "value": "640 х 512 / 15 мкм, 25 кадр/с", "product": 17}}, {"model": "catalog.productspecificationvalue", "pk": 155, "fields": {"specification": 44, "value": "640 х 480 / 17мкм, 1024 х 768 / 14 мкм, 25 кадр/с", "product": 17}}, {"model": "catalog.productspecificationvalue", "pk": 156, "fields": {"specification": 45, "value": "до Full HD 1920 x 1080 / 60 кадр/с", "product": 17}}, {"model": "catalog.productspecificationvalue", "pk": 157, "fields": {"specification": 46, "value": "Непрерывное", "product": 17}}, {"model": "catalog.productspecificationvalue", "pk": 158, "fields": {"specification": 47, "value": "до 20 000 м", "product": 17}}, {"model": "catalog.productspecificationvalue", "pk": 159, "fields": {"specification": 48, "value": "до 2 500 м", "product": 17}}, {"model": "catalog.productspecificationvalue", "pk": 160, "fields": {"specification": 49, "value": "N x 360 по азимуту (N x 360), 90 град/с, 50 кг полевой нагрузки", "product": 17}}]