[{"model": "catalog.category", "pk": 1, "fields": {"name": "Прицел оптический", "description": "Оптические прицелы для оружия, оснащенного picatinny rail", "slug": "optic_sight"}}, {"model": "catalog.category", "pk": 2, "fields": {"name": "Прицелы тепловизионные", "description": "Прицелы тепловизионные (на неохлаждаемой микроболометрической матрице)", "slug": "thermal_sight"}}, {"model": "catalog.category", "pk": 3, "fields": {"name": "Прицелы коллиматорные", "description": "Прицелы коллиматорные (на лазерном диоде или голограмме)", "slug": "collimator_sights"}}, {"model": "catalog.category", "pk": 4, "fields": {"name": "Прицелы ночные", "description": "Прицелы на ЭОП 2+ и 3 поколения", "slug": "night_sight"}}, {"model": "catalog.category", "pk": 5, "fields": {"name": "Дальномеры лазерные", "description": "Прибор для измерения расстояний с применением лазерного луча. Широко применяется в инженерной геодезии, при топографической съёмке, в военном деле, в навигации, в астрономических исследованиях, в фотографии.", "slug": "rangefinder"}}, {"model": "catalog.product", "pk": 1, "fields": {"name": "TV/D 40 MS", "description": "Прицел применяется для стрелкового оружия на дальности до 1400 метров", "price": "7000.00", "vegan_or_not": false, "slug": "TVD_40_MS", "category": 2, "modifier_groups": []}}, {"model": "catalog.product", "pk": 2, "fields": {"name": "RS-H Прицел коллиматорный", "description": "- Отсутствует параллакс\r\n- Применение голографической технологии для проецирования прицельной марки\r\n- Герметичный азотонаполненный корпус\r\n- Возможность комфртного совместного использования с приборами ночного видения\r\n- Режим работы с очками и монокуляра", "price": "400.00", "vegan_or_not": false, "slug": "RS_H", "category": 3, "modifier_groups": []}}, {"model": "catalog.product", "pk": 3, "fields": {"name": "RS-C Прицел коллиматорный", "description": "Отсутствует параллакс\r\n- Малые габаритные размеры и вес\r\n- Возможность комфртного совместного использования с приборами ночного видения\r\n- Продолжительное время работы батареи\r\n- Режим работы с очками и монокулярами ночного видения\r\n- Комфортное использов", "price": "300.00", "vegan_or_not": false, "slug": "RS_C", "category": 3, "modifier_groups": [2]}}, {"model": "catalog.product", "pk": 4, "fields": {"name": "GS 3-12x50 Прицел оптический", "description": "- Переменное увеличение в диапазоне от 3 до 12 крат\r\n- Механизм отстройки от параллакса\r\n- Шкала для ориентировочной оценки дальности\r\n- Прицельная сетка MIL DOT имеет подсветку, регулируемую по яркости", "price": "600.00", "vegan_or_not": false, "slug": "GS_3_12x50", "category": 1, "modifier_groups": []}}, {"model": "catalog.product", "pk": 5, "fields": {"name": "DS 4x28 SPARK Прицел оптический", "description": "- Малые весогабаритные характеристики\r\n- Встроенная подсветка сетки (красная и зеленая)\r\n- Быстросъемное крепление стандарта MIL STD 1913", "price": "550.00", "vegan_or_not": false, "slug": "SPARK", "category": 1, "modifier_groups": []}}, {"model": "catalog.product", "pk": 6, "fields": {"name": "Прицел тепловизионный TV/S 50M", "description": "Прицел тепловизионный для стрелкового вооружения.", "price": "8500.00", "vegan_or_not": false, "slug": "TVS_50M", "category": 2, "modifier_groups": []}}, {"model": "catalog.product", "pk": 7, "fields": {"name": "Прицел ночной NV/S-18S", "description": "- Малые габаритные размеры и вес\r\n- Герметичный азотонаполненный корпус\r\n- Высокая устойчивость к ударным нагрузкам\r\n- Возможность комфортного использования в комплексе с инфракрасными целеуказателями.\r\n- Ручная регулировка яркости ЭОП", "price": "3000.00", "vegan_or_not": false, "slug": "NVS_18S", "category": 4, "modifier_groups": []}}, {"model": "catalog.product", "pk": 8, "fields": {"name": "Прицел дневно-ночной DNS-1", "description": "- Герметичный азотонаполненный корпус\r\n- Наличие защиты от засветки ЭОП\r\n- Высокая устойчивость к ударным нагрузкам\r\n- Опционально: ЭОП с зеленым либо черно-белым свечением\r\n- Возможность комфортного использования в комплексе с инфракрасным целеуказателя", "price": "4500.00", "vegan_or_not": false, "slug": "DNS_1", "category": 4, "modifier_groups": []}}, {"model": "catalog.product", "pk": 9, "fields": {"name": "LRF-c Дальномер лазерный", "description": "- Измерение дистанции до 2 целей одновременно\r\n- Высокий уровень устойчивости к внешним воздействиям\r\n- Дистанционное управление\r\n- Опционально: встроенный баллистический вычислитель\r\n- Различные встроенные сенсоры (GPS, магнитный компас, угломер, датчик т", "price": "2000.00", "vegan_or_not": false, "slug": "LRF_C", "category": 5, "modifier_groups": []}}, {"model": "catalog.product", "pk": 10, "fields": {"name": "ДЛ-5 Дальномер лазерный", "description": "- Измерение дистанции до 2 целей одновременно\r\n- Высокий уровень устойчивости к внешним воздействиям\r\n- Опционально: встроенный баллистический вычислитель\r\n- Различные встроенные сенсоры (GPS, магнитный компас, угломер, датчик температуры и т.д.)", "price": "2200.00", "vegan_or_not": false, "slug": "DL_5", "category": 5, "modifier_groups": []}}, {"model": "catalog.product", "pk": 11, "fields": {"name": "АРГОС-А Дальномер лазерный", "description": "- Измерение дистанции до 2 целей одновременно\r\n- Высокий уровень устойчивости к внешним воздействиям\r\n- Дистанционное управление", "price": "5500.00", "vegan_or_not": false, "slug": "ARGOS", "category": 5, "modifier_groups": []}}, {"model": "catalog.product", "pk": 12, "fields": {"name": "DLS 2000 Модуль дальномерный ла", "description": "- Быстрое и точное измерение дистанции\r\n- Точные баллистические поправки прицела\r\n- Быстросъемное крепление стандарта MIL STD 1913\r\n- Дистанционное управление", "price": "800.00", "vegan_or_not": false, "slug": "DLS_2000", "category": 5, "modifier_groups": []}}, {"model": "catalog.productimage", "pk": 1, "fields": {"product": 6, "image": "products/8cf5d68c-0b8a-4178-bf74-b65e6547b896.jpg"}}, {"model": "catalog.productimage", "pk": 2, "fields": {"product": 9, "image": "products/17ec31c9-247f-46fc-9a00-98c0752ce0e8.jpg"}}, {"model": "catalog.productimage", "pk": 3, "fields": {"product": 10, "image": "products/bbec1008-e8d6-4f71-a830-b768ea84edb6.jpg"}}, {"model": "catalog.productimage", "pk": 4, "fields": {"product": 11, "image": "products/8de39935-a6fb-4386-a098-ab241ba1738b.jpg"}}, {"model": "catalog.productimage", "pk": 5, "fields": {"product": 12, "image": "products/797b426e-94d7-45f6-815c-f9658aee71d8.jpg"}}, {"model": "catalog.productimage", "pk": 6, "fields": {"product": 12, "image": "products/0d05e1bc-3e36-4987-bb11-b8884bb3cbba.jpg"}}, {"model": "catalog.modifiergroup", "pk": 1, "fields": {"name": "Объективы", "discription": "Объективы с различными фокусными расстояниями", "slug": "Lenses"}}, {"model": "catalog.modifiergroup", "pk": 2, "fields": {"name": "Модули тепловизионные", "discription": "Модули с различным разрешением", "slug": "thermal_moduls"}}, {"model": "catalog.modifier", "pk": 1, "fields": {"name": "OTL 50", "description": "объектив с фокусным расстоянием 50 мм", "price": "300.00", "vegan_or_not": false, "slug": "50mm", "modifier_group": 1}}, {"model": "catalog.modifier", "pk": 2, "fields": {"name": "OTL 75", "description": "Объектив с фокусным расстоянием 75 мм", "price": "350.00", "vegan_or_not": false, "slug": "75mm", "modifier_group": 1}}, {"model": "catalog.modifier", "pk": 3, "fields": {"name": "iRay384", "description": "Модуль тепловизионный с разрешением 384х288 мм", "price": "1200.00", "vegan_or_not": false, "slug": "384", "modifier_group": 2}}, {"model": "catalog.modifier", "pk": 4, "fields": {"name": "iRay640", "description": "Модуль тепловизионный с разрешением 640х512", "price": "1800.00", "vegan_or_not": false, "slug": "640", "modifier_group": 2}}, {"model": "catalog.productspecification", "pk": 1, "fields": {"name": "Габаритные размеры, мм, не более"}}, {"model": "catalog.productspecification", "pk": 2, "fields": {"name": "Масса изделия (с батареей), г, н"}}, {"model": "catalog.productspecification", "pk": 3, "fields": {"name": "Длина волны излучения"}}, {"model": "catalog.productspecification", "pk": 4, "fields": {"name": "Класс лазерной опасности"}}, {"model": "catalog.productspecification", "pk": 5, "fields": {"name": "Диапазон измерения расстояний"}}, {"model": "catalog.productspecification", "pk": 6, "fields": {"name": "Диапазон измерения расстояний"}}, {"model": "catalog.productspecification", "pk": 7, "fields": {"name": "Абсолютная погрешность измерения"}}, {"model": "catalog.productspecificationvalue", "pk": 1, "fields": {"specification": 1, "value": "230×100×90", "product": 6}}, {"model": "catalog.productspecificationvalue", "pk": 2, "fields": {"specification": 2, "value": "1250", "product": 6}}, {"model": "catalog.productspecificationvalue", "pk": 3, "fields": {"specification": 3, "value": "905 нм", "product": 9}}, {"model": "catalog.productspecificationvalue", "pk": 4, "fields": {"specification": 4, "value": "3В", "product": 9}}, {"model": "catalog.productspecificationvalue", "pk": 5, "fields": {"specification": 6, "value": "30 - 2000 м", "product": 9}}, {"model": "catalog.productspecificationvalue", "pk": 6, "fields": {"specification": 7, "value": "2 м", "product": 9}}, {"model": "catalog.productspecificationvalue", "pk": 7, "fields": {"specification": 2, "value": "600", "product": 9}}, {"model": "catalog.productspecificationvalue", "pk": 8, "fields": {"specification": 1, "value": "128 х 81 х 58", "product": 9}}, {"model": "catalog.productspecificationvalue", "pk": 9, "fields": {"specification": 5, "value": "20 - 5000", "product": 10}}, {"model": "catalog.productspecificationvalue", "pk": 10, "fields": {"specification": 3, "value": "905 нм", "product": 10}}, {"model": "catalog.productspecificationvalue", "pk": 11, "fields": {"specification": 7, "value": "2 м", "product": 10}}, {"model": "catalog.productspecificationvalue", "pk": 12, "fields": {"specification": 4, "value": "3В", "product": 10}}, {"model": "catalog.productspecificationvalue", "pk": 13, "fields": {"specification": 2, "value": "1200", "product": 10}}, {"model": "catalog.productspecificationvalue", "pk": 14, "fields": {"specification": 1, "value": "185 х 110 х 70", "product": 10}}, {"model": "catalog.productspecificationvalue", "pk": 15, "fields": {"specification": 3, "value": "1064 нм", "product": 11}}, {"model": "catalog.productspecificationvalue", "pk": 16, "fields": {"specification": 4, "value": "1", "product": 11}}, {"model": "catalog.productspecificationvalue", "pk": 17, "fields": {"specification": 5, "value": "65 - 20000 м", "product": 11}}, {"model": "catalog.productspecificationvalue", "pk": 18, "fields": {"specification": 7, "value": "2 м", "product": 11}}, {"model": "catalog.productspecificationvalue", "pk": 19, "fields": {"specification": 2, "value": "1800", "product": 11}}, {"model": "catalog.productspecificationvalue", "pk": 20, "fields": {"specification": 1, "value": "192 х 150 х 84", "product": 11}}, {"model": "catalog.productspecificationvalue", "pk": 21, "fields": {"specification": 3, "value": "905 нм", "product": 12}}, {"model": "catalog.productspecificationvalue", "pk": 22, "fields": {"specification": 4, "value": "3B", "product": 12}}, {"model": "catalog.productspecificationvalue", "pk": 23, "fields": {"specification": 7, "value": "2 м", "product": 12}}, {"model": "catalog.productspecificationvalue", "pk": 24, "fields": {"specification": 5, "value": "20 - 2000 м", "product": 12}}, {"model": "catalog.productspecificationvalue", "pk": 25, "fields": {"specification": 2, "value": "600", "product": 12}}, {"model": "catalog.productspecificationvalue", "pk": 26, "fields": {"specification": 1, "value": "114 х 77 х 60", "product": 12}}]